date_day,distance,captures,distance_diff,captures_diff,family
2024-07-21,75.10074311348377,462,,,stitch
2024-07-22,5.316639287835896,89,-69.78410382564788,-373.0,stitch
2024-07-23,8.14877817928664,119,2.832138891450745,30.0,stitch
2024-07-24,24.851398455146786,292,16.702620275860145,173.0,stitch
2024-08-05,68.28913113884437,614,43.43773268369758,322.0,stitch
2024-08-06,23.228548639234294,171,-45.06058249961008,-443.0,stitch
2024-08-07,173.47651845317625,892,150.24796981394195,721.0,stitch
2024-08-08,30.95067889501837,182,-142.52583955815788,-710.0,stitch
2024-08-09,37.48942018446693,218,6.538741289448559,36.0,stitch
2024-08-10,93.64988429823478,444,56.16046411376785,226.0,stitch
2024-08-11,83.39517028858046,481,-10.254714009654322,37.0,stitch
2024-08-12,8.007564907146227,72,-75.38760538143423,-409.0,stitch
2024-08-13,36.370775310751014,185,28.36321040360479,113.0,stitch
2024-08-14,67.88088664807796,401,31.510111337326947,216.0,stitch
2024-08-15,65.14102811961624,391,-2.739858528461724,-10.0,stitch
2024-08-16,45.116955301901605,334,-20.024072817714632,-57.0,stitch
2024-08-18,35.09124906323068,188,-10.025706238670928,-146.0,stitch
2024-08-19,102.03694506090139,712,66.94569599767071,524.0,stitch
2024-08-20,57.43851605086315,365,-44.59842901003824,-347.0,stitch
2024-08-21,67.12574527126473,362,9.687229220401584,-3.0,stitch
2024-08-22,40.39781809051451,282,-26.72792718075022,-80.0,stitch
2024-08-23,54.99513862464594,301,14.597320534131427,19.0,stitch
2024-08-25,94.07932664518252,512,39.08418802053658,211.0,stitch
2024-08-26,107.3167086605932,537,13.237382015410688,25.0,stitch
2024-08-27,1.8504209717534594,26,-105.46628768883974,-511.0,stitch
2024-08-28,113.20518607043178,587,111.35476509867831,561.0,stitch
2024-08-29,40.84798484537321,211,-72.35720122505856,-376.0,stitch
2024-08-30,88.84588310279742,500,47.997898257424204,289.0,stitch
2024-08-31,6.233764960450189,32,-82.61211814234723,-468.0,stitch
2024-09-01,24.535574861353513,175,18.301809900903326,143.0,stitch
2024-09-02,18.12904418764701,166,-6.406530673706502,-9.0,stitch
2024-09-03,14.066143245824227,108,-4.062900941822784,-58.0,stitch
2024-09-04,62.05594634414289,321,47.98980309831866,213.0,stitch
2024-09-05,74.63828243029033,550,12.582336086147443,229.0,stitch
2024-09-06,209.0578216256014,1232,134.41953919531107,682.0,stitch
2024-09-07,65.69717715480678,458,-143.36064447079463,-774.0,stitch
2024-09-08,307.0289199451982,1220,241.33174279039142,762.0,stitch
2024-09-09,140.57407660183938,828,-166.45484334335882,-392.0,stitch
2024-09-10,257.1123899151664,1390,116.538313313327,562.0,stitch
2024-09-11,243.51147042582238,1378,-13.600919489343994,-12.0,stitch
2024-09-12,249.7765760003857,1381,6.265105574563307,3.0,stitch
2024-09-13,130.4713313443454,859,-119.30524465604029,-522.0,stitch
2024-09-14,83.70001074023158,566,-46.771320604113825,-293.0,stitch
2024-09-15,288.02155892894945,1353,204.32154818871788,787.0,stitch
2024-09-16,78.07163343399542,481,-209.94992549495402,-872.0,stitch
2024-09-17,107.06514548379728,631,28.993512049801865,150.0,stitch
2024-09-18,220.69151151145815,880,113.62636602766086,249.0,stitch
2024-09-19,149.8198630117545,970,-70.87164849970364,90.0,stitch
2024-09-20,49.98244692563168,458,-99.83741608612283,-512.0,stitch
2024-09-21,291.2707421390918,1226,241.28829521346012,768.0,stitch
2024-09-22,73.83783793964311,454,-217.43290419944867,-772.0,stitch
2024-09-23,69.97530765103467,466,-3.86253028860844,12.0,stitch
2024-09-24,144.2714034434877,723,74.29609579245304,257.0,stitch
2024-09-25,52.982965290975656,478,-91.28843815251206,-245.0,stitch
2024-09-26,118.90993793390682,793,65.92697264293116,315.0,stitch
2024-09-27,424.1578688126179,1947,305.2479308787111,1154.0,stitch
2024-09-29,417.8968483384145,1776,-6.261020474203406,-171.0,stitch
2024-09-30,117.2807301057059,664,-300.6161182327086,-1112.0,stitch
2024-10-01,637.031699797962,2073,519.7509696922561,1409.0,stitch
2024-10-02,267.0881394036744,1120,-369.9435603942876,-953.0,stitch
2024-10-03,75.64949162316343,438,-191.43864778051096,-682.0,stitch
2024-10-04,451.42755685548366,1541,375.7780652323202,1103.0,stitch
2024-10-05,74.28327644779237,557,-377.14428040769127,-984.0,stitch
2024-10-06,551.0409849047901,2192,476.7577084569977,1635.0,stitch
2024-10-07,48.783295776051546,424,-502.25768912873855,-1768.0,stitch
2024-10-08,111.4467438022453,632,62.66344802619375,208.0,stitch
2024-10-09,2024.2054887443978,5441,1912.7587449421526,4809.0,stitch
2024-10-10,153.58155672187002,819,-1870.6239320225277,-4622.0,stitch
2024-10-11,302.6738729816235,1163,149.0923162597535,344.0,stitch
2024-10-13,46.67639929991057,456,-255.99747368171293,-707.0,stitch
2024-10-15,2.947791479080615,32,-43.72860782082996,-424.0,stitch
2024-10-16,78.92429167641458,722,75.97650019733396,690.0,stitch
2024-10-19,0.20597370868961007,1,-78.71831796772497,-721.0,stitch
2024-10-22,15.060924177172094,180,14.854950468482484,179.0,stitch
2024-10-23,81.71333234212574,661,66.65240816495364,481.0,stitch
2024-10-24,21.590938054877718,236,-60.12239428724802,-425.0,stitch
2024-10-25,52.948075664015626,378,31.357137609137908,142.0,stitch
2024-10-26,76.33877563422318,662,23.390699970207557,284.0,stitch
2024-10-27,49.36326861976087,455,-26.97550701446231,-207.0,stitch
2024-10-28,46.21283189179867,434,-3.1504367279622016,-21.0,stitch
2024-10-29,58.73921303541371,458,12.52638114361504,24.0,stitch
2024-10-30,128.15343844538606,894,69.41422540997235,436.0,stitch
2024-10-31,73.5548559155642,680,-54.598582529821854,-214.0,stitch
2024-11-01,66.07620976365656,560,-7.47864615190764,-120.0,stitch
2024-11-02,127.23464019304632,881,61.15843042938975,321.0,stitch
2024-11-03,92.57746498393628,521,-34.65717520911004,-360.0,stitch
2024-11-04,47.4610998126109,297,-45.116365171325384,-224.0,stitch
2024-11-05,66.57554476724083,517,19.11444495462993,220.0,stitch
2024-11-06,21.759091496573898,252,-44.816453270666926,-265.0,stitch
2024-11-07,19.758397271049102,181,-2.0006942255247964,-71.0,stitch
2024-11-08,32.314330358480625,288,12.555933087431523,107.0,stitch
2024-11-09,55.89003690249866,483,23.575706544018033,195.0,stitch
2024-11-10,117.71408017985407,758,61.82404327735541,275.0,stitch
2024-11-11,40.568680857241716,371,-77.14539932261235,-387.0,stitch
2024-11-12,21.32196247589782,257,-19.246718381343896,-114.0,stitch
2024-11-13,113.3983564562412,636,92.07639398034338,379.0,stitch
2024-11-14,33.13032155875794,306,-80.26803489748326,-330.0,stitch
2024-11-15,15.336442284174282,173,-17.79387927458366,-133.0,stitch
2024-11-16,9.450866595397592,83,-5.88557568877669,-90.0,stitch
2024-11-17,83.85818683260456,624,74.40732023720696,541.0,stitch
2024-11-18,61.66965135733805,503,-22.188535475266512,-121.0,stitch
2024-11-19,46.899900370894514,509,-14.769750986443533,6.0,stitch
2024-11-20,132.14701850582625,810,85.24711813493174,301.0,stitch
2024-11-21,23.74703816645793,238,-108.39998033936833,-572.0,stitch
2024-11-22,90.4435593976088,685,66.69652123115087,447.0,stitch
2024-11-23,74.00701277672474,644,-16.43654662088406,-41.0,stitch
2024-11-24,75.37925054836981,568,1.372237771645075,-76.0,stitch
2024-11-25,51.774098933854056,418,-23.605151614515755,-150.0,stitch
2024-11-26,70.77777422681363,613,19.003675292959578,195.0,stitch
2024-11-27,95.15105413541082,769,24.373279908597183,156.0,stitch
2024-11-28,56.291436842819884,440,-38.85961729259093,-329.0,stitch
2024-11-29,80.03577946809953,550,23.74434262527965,110.0,stitch
2024-11-30,33.223977849013565,293,-46.81180161908597,-257.0,stitch
2024-12-01,113.88895181579825,837,80.66497396678469,544.0,stitch
2024-12-02,7.202534306058717,74,-106.68641750973953,-763.0,stitch
2024-12-03,59.39809019492267,485,52.19555588886396,411.0,stitch
2024-12-04,70.79414685578331,649,11.396056660860637,164.0,stitch
2024-12-05,64.00197144302034,576,-6.7921754127629725,-73.0,stitch
2024-12-06,133.49612272328181,1092,69.49415128026148,516.0,stitch
2024-12-07,23.945509096812007,205,-109.55061362646981,-887.0,stitch
2024-12-08,204.48030515336407,1230,180.53479605655207,1025.0,stitch
2024-12-09,117.9832097959701,840,-86.49709535739397,-390.0,stitch
2024-12-10,806.144888433658,2700,688.1616786376879,1860.0,stitch
2024-12-11,49.19961784530802,417,-756.94527058835,-2283.0,stitch
2024-12-12,100.66020705894393,755,51.460589213635906,338.0,stitch
2024-12-13,127.13259984126765,926,26.472392782323723,171.0,stitch
2024-12-14,91.47083471377898,675,-35.661765127488664,-251.0,stitch
2024-12-15,283.682110874847,1239,192.21127616106804,564.0,stitch
2024-12-16,52.699335345521746,430,-230.98277552932527,-809.0,stitch
2024-12-17,58.26673172421245,528,5.567396378690702,98.0,stitch
2024-12-18,62.160061283836974,501,3.893329559624526,-27.0,stitch
2024-12-19,76.98484559422545,572,14.824784310388473,71.0,stitch
2024-12-20,126.31476522303186,1024,49.32991962880641,452.0,stitch
2024-12-21,711.3879077291452,2122,585.0731425061134,1098.0,stitch
2024-12-22,159.65405713881805,1036,-551.7338505903272,-1086.0,stitch
2024-12-23,163.36361911488217,959,3.7095619760641227,-77.0,stitch
2024-12-24,76.25885834603864,562,-87.10476076884353,-397.0,stitch
2024-12-25,785.6487659726542,2300,709.3899076266156,1738.0,stitch
2024-12-26,21.21283286095146,237,-764.4359331117028,-2063.0,stitch
2024-12-27,63.41187078418578,513,42.19903792323432,276.0,stitch
2024-12-28,33.779934793696405,348,-29.631935990489374,-165.0,stitch
2024-12-29,262.7227731334057,1039,228.9428383397093,691.0,stitch
2024-12-30,105.80699171738377,543,-156.91578141602196,-496.0,stitch
2024-12-31,27.668809558953942,269,-78.13818215842983,-274.0,stitch
2025-01-01,87.78412388396978,645,60.115314325015845,376.0,stitch
2025-01-02,102.30869671255756,701,14.524572828587779,56.0,stitch
2025-01-03,65.79938991202384,480,-36.50930680053372,-221.0,stitch
2025-01-04,81.25025901079933,685,15.450869098775485,205.0,stitch
2025-01-05,126.19928909067819,968,44.94903007987887,283.0,stitch
2025-01-06,887.9331100883971,2437,761.7338209977189,1469.0,stitch
2025-01-08,863.1795063814407,2929,-24.753603706956483,492.0,stitch
2025-01-09,50.44135717734517,465,-812.7381492040955,-2464.0,stitch
2025-01-10,134.10331000110878,963,83.66195282376361,498.0,stitch
2025-01-11,49.38459379108756,406,-84.71871621002123,-557.0,stitch
2025-01-12,194.89160751115472,846,145.50701372006716,440.0,stitch
2025-01-14,40.92901913765316,375,-153.96258837350155,-471.0,stitch
2025-01-17,61.07767520000042,549,20.148656062347264,174.0,stitch
2025-01-18,51.5087424074576,470,-9.568932792542817,-79.0,stitch
2025-01-19,111.19535764627798,865,59.68661523882038,395.0,stitch
2025-01-20,61.45392751572605,584,-49.74143013055193,-281.0,stitch
2025-01-21,50.35931939197072,449,-11.094608123755329,-135.0,stitch
2025-01-22,34.39879983193604,362,-15.960519560034683,-87.0,stitch
2025-01-23,128.3652232140806,871,93.96642338214457,509.0,stitch
2025-01-24,53.67275297624445,462,-74.69247023783615,-409.0,stitch
2025-01-25,91.08774426030591,648,37.41499128406146,186.0,stitch
2025-01-26,102.88437722899329,761,11.796632968687376,113.0,stitch
2025-01-27,80.6696713313978,254,-22.214705897595493,-507.0,stitch
2025-02-03,54.10122066324635,541,-26.568450668151442,287.0,stitch
2025-02-04,74.24344691513218,685,20.14222625188583,144.0,stitch
2025-02-05,34.642759204718644,426,-39.60068771041354,-259.0,stitch
2025-02-06,55.18183677708766,400,20.539077572369017,-26.0,stitch
2025-02-07,36.267280986927844,392,-18.914555790159817,-8.0,stitch
2025-02-08,39.23991553003176,385,2.972634543103915,-7.0,stitch
2025-02-15,13.56293447823618,171,-25.67698105179558,-214.0,stitch
2025-02-17,45.58851218859364,392,32.02557771035746,221.0,stitch
2025-02-18,478.9165633098211,1642,433.3280511212274,1250.0,stitch
2025-02-19,39.79612329872807,338,-439.120440011093,-1304.0,stitch
2025-02-20,147.64880327869562,968,107.85267997996755,630.0,stitch
2025-02-21,132.8763163262524,797,-14.772486952443217,-171.0,stitch
2025-02-22,238.15084067563313,1376,105.27452434938073,579.0,stitch
2025-02-23,279.1202040363832,1390,40.969363360750066,14.0,stitch
2025-02-24,82.17090655219728,607,-196.94929748418593,-783.0,stitch
2025-02-25,81.33696348239333,628,-0.8339430698039507,21.0,stitch
2025-02-26,93.88591582441533,580,12.548952342022005,-48.0,stitch
2025-02-27,145.6418916816384,1150,51.75597585722308,570.0,stitch
2025-02-28,105.29699220437179,669,-40.34489947726662,-481.0,stitch
2025-03-01,255.12811703621085,1333,149.83112483183908,664.0,stitch
2025-03-02,152.0780236922797,1026,-103.05009334393117,-307.0,stitch
2025-03-03,140.26488548197972,855,-11.813138210299968,-171.0,stitch
2025-03-04,147.57466667293477,985,7.30978119095505,130.0,stitch
2025-03-05,224.39950146111119,1244,76.82483478817642,259.0,stitch
2025-03-06,123.10972623471412,770,-101.28977522639707,-474.0,stitch
2025-03-07,147.9851619460276,1080,24.875435711313486,310.0,stitch
2025-03-08,167.38546423690892,1069,19.400302290881314,-11.0,stitch
2025-03-09,210.23454485698986,1405,42.84908062008094,336.0,stitch
2025-03-10,122.2554502372749,975,-87.97909461971496,-430.0,stitch
2025-03-11,194.1160338353769,1293,71.860583598102,318.0,stitch
2025-03-12,239.68091874498197,1405,45.56488490960507,112.0,stitch
2025-03-13,153.02264789140196,1183,-86.65827085358,-222.0,stitch
2025-03-14,144.94688702901183,1037,-8.075760862390126,-146.0,stitch
2025-03-15,168.34302992098938,1136,23.396142891977547,99.0,stitch
2025-03-16,160.01163878722522,1024,-8.331391133764157,-112.0,stitch
2025-03-17,222.9032314295727,1419,62.89159264234749,395.0,stitch
2025-03-18,134.6137201252261,966,-88.2895113043466,-453.0,stitch
2025-03-19,127.56059756805816,897,-7.053122557167953,-69.0,stitch
2025-03-20,142.8505274208946,864,15.289929852836437,-33.0,stitch
2025-03-21,161.5175249850891,1083,18.666997564194503,219.0,stitch
2025-03-22,286.892392485339,1515,125.37486750024988,432.0,stitch
2025-03-23,186.8968213199875,1259,-99.99557116535146,-256.0,stitch
2025-03-24,222.77498305981237,1392,35.87816173982486,133.0,stitch
2025-03-25,158.09282355200514,973,-64.68215950780723,-419.0,stitch
2025-03-26,416.35508903605546,2347,258.2622654840503,1374.0,stitch
2025-03-27,291.07817267255047,1453,-125.276916363505,-894.0,stitch
2025-03-28,286.9020925163866,1426,-4.176080156163891,-27.0,stitch
2025-03-29,272.220396895536,1304,-14.681695620850576,-122.0,stitch
2025-03-30,230.11389852457276,1372,-42.10649837096324,68.0,stitch
2025-03-31,335.92585158171886,1693,105.8119530571461,321.0,stitch
2025-04-01,354.7019271634267,1639,18.776075581707858,-54.0,stitch
2025-04-02,468.34161794514984,2159,113.63969078172312,520.0,stitch
2025-04-03,251.22579245519768,1279,-217.11582548995216,-880.0,stitch
2025-04-04,366.67716186552224,1612,115.45136941032456,333.0,stitch
2025-04-05,420.6421065140442,1899,53.964944648521964,287.0,stitch
2025-04-06,400.20903593433917,1817,-20.43307057970503,-82.0,stitch
2025-04-07,203.25488997344615,1104,-196.95414596089302,-713.0,stitch
2025-04-08,496.61689290634405,2254,293.3620029328979,1150.0,stitch
2025-04-09,411.9995155660084,1923,-84.61737734033562,-331.0,stitch
2025-04-10,257.6138885410165,1414,-154.38562702499195,-509.0,stitch
2025-04-13,344.7471941823457,1479,87.13330564132923,65.0,stitch
2025-04-14,341.638673912776,1220,-3.1085202695696807,-259.0,stitch
2025-04-15,477.2991651020964,2073,135.6604911893204,853.0,stitch
2025-04-16,658.4791125592272,2784,181.17994745713082,711.0,stitch
2025-04-17,159.91514943116258,779,-498.56396312806464,-2005.0,stitch
2025-04-18,367.04968812991115,1603,207.13453869874857,824.0,stitch
2025-04-19,411.39655886735915,1917,44.346870737448,314.0,stitch
2025-04-20,535.5348625520787,2438,124.13830368471957,521.0,stitch
2025-04-21,318.3759283221311,1640,-217.15893422994765,-798.0,stitch
2025-04-22,211.77501249321196,1028,-106.60091582891911,-612.0,stitch
2025-04-23,105.03517633529873,609,-106.73983615791323,-419.0,stitch
2025-04-24,337.0173237167263,1765,231.98214738142758,1156.0,stitch
2025-04-25,367.44210675676,1720,30.424783040033674,-45.0,stitch
2025-04-26,336.2466626923574,1543,-31.19544406440258,-177.0,stitch
2025-04-27,445.701440398621,2119,109.4547777062636,576.0,stitch
2025-04-28,397.85102368992824,2064,-47.85041670869276,-55.0,stitch
2025-04-29,369.8866353174405,1835,-27.964388372487747,-229.0,stitch
2025-04-30,354.6399313346065,2027,-15.246703982833992,192.0,stitch
2025-05-01,223.03103370623697,1582,-131.60889762836953,-445.0,stitch
2025-05-02,267.378405171222,1603,44.34737146498506,21.0,stitch
2025-05-03,324.859820670566,1940,57.481415499343996,337.0,stitch
2025-05-04,345.3348137088512,2152,20.474993038285163,212.0,stitch
2025-05-05,491.2170143018469,2710,145.88220059299573,558.0,stitch
2025-05-06,375.33753971796926,1897,-115.87947458387765,-813.0,stitch
2025-05-07,313.9850923979975,1758,-61.35244731997176,-139.0,stitch
2025-05-08,437.92940149789433,2081,123.94430909989683,323.0,stitch
2025-05-09,391.4222944258585,2131,-46.50710707203581,50.0,stitch
2025-05-10,301.2080513433635,1846,-90.21424308249505,-285.0,stitch
2025-05-11,444.224742976623,2511,143.01669163325954,665.0,stitch
2025-05-12,313.09398888525806,1625,-131.13075409136496,-886.0,stitch
2025-05-13,332.4563209005081,1611,19.362332015250047,-14.0,stitch
2025-05-14,356.0805390428713,1652,23.62421814236319,41.0,stitch
2025-05-15,173.39848002525565,919,-182.68205901761564,-733.0,stitch
2025-05-16,417.77130726795,2031,244.37282724269437,1112.0,stitch
2025-05-17,420.57819395729445,2053,2.8068866893444238,22.0,stitch
2025-05-18,302.51290308515996,1552,-118.06529087213448,-501.0,stitch
2025-05-19,241.38870369173813,1203,-61.12419939342183,-349.0,stitch
2025-05-20,634.6996229728406,2536,393.31091928110254,1333.0,stitch
2025-05-21,419.84427894284363,2218,-214.855344029997,-318.0,stitch
2025-05-22,321.760583186038,1776,-98.08369575680564,-442.0,stitch
2025-05-23,449.3822679527683,2297,127.62168476673031,521.0,stitch
2025-05-24,379.24918739436384,1964,-70.13308055840446,-333.0,stitch
2025-05-25,275.8768014721096,1533,-103.37238592225424,-431.0,stitch
2025-05-26,253.8709480956046,1238,-22.005853376505,-295.0,stitch
2025-05-27,385.0263132998481,2155,131.15536520424348,917.0,stitch
2025-05-28,327.0348860894832,1610,-57.99142721036486,-545.0,stitch
2025-05-29,292.3582233268965,1688,-34.676662762586716,78.0,stitch
2025-05-30,557.035753579196,2346,264.6775302522995,658.0,stitch
2025-05-31,235.1717258232748,1544,-321.8640277559212,-802.0,stitch
2025-06-01,233.90468411546132,1339,-1.2670417078134903,-205.0,stitch
2025-06-02,282.66083040593037,1500,48.75614629046905,161.0,stitch
2025-06-03,258.65666228778304,1292,-24.004168118147334,-208.0,stitch
2025-06-04,138.17509781669972,787,-120.48156447108332,-505.0,stitch
2025-06-05,431.23482626317355,2476,293.05972844647386,1689.0,stitch
2025-06-06,334.97177125016395,1730,-96.26305501300959,-746.0,stitch
2025-06-07,511.1471626352447,2731,176.17539138508073,1001.0,stitch
2025-06-08,571.3107415335257,3239,60.16357889828106,508.0,stitch
2025-06-09,365.24228695268897,1930,-206.06845458083677,-1309.0,stitch
2025-06-10,271.4252187763631,1420,-93.81706817632585,-510.0,stitch
2025-06-11,442.96750011766943,2241,171.5422813413063,821.0,stitch
2025-06-12,173.05411603148264,1020,-269.9133840861868,-1221.0,stitch
2025-06-13,490.90458001214387,2081,317.85046398066123,1061.0,stitch
2025-06-14,342.95402309040315,1557,-147.9505569217407,-524.0,stitch
2025-06-15,234.3110472244363,1150,-108.64297586596686,-407.0,stitch
2025-06-16,209.69362778576115,1342,-24.617419438675142,192.0,stitch
2025-06-17,417.68949831688946,1726,207.9958705311283,384.0,stitch
2025-06-18,522.7399312628825,2369,105.05043294599301,643.0,stitch
2025-06-19,327.67501140568174,1817,-195.06491985720072,-552.0,stitch
2025-06-20,322.49242300669715,1949,-5.182588398984592,132.0,stitch
2025-06-21,210.0084987044486,1335,-112.48392430224854,-614.0,stitch
2025-06-22,169.23796879601068,1200,-40.770529908437936,-135.0,stitch
2025-06-23,240.57443220657794,1707,71.33646341056726,507.0,stitch
2025-06-24,327.5110185615519,1721,86.93658635497397,14.0,stitch
2025-06-25,320.06482672265696,1740,-7.446191838894947,19.0,stitch
2025-06-26,185.77756942890335,1006,-134.2872572937536,-734.0,stitch
2025-06-27,143.55676187464778,809,-42.22080755425557,-197.0,stitch
2025-06-28,211.94894047508294,1165,68.39217860043516,356.0,stitch
2025-06-29,137.71642559988507,712,-74.23251487519786,-453.0,stitch
2025-07-04,206.86047336519394,1130,69.14404776530887,418.0,stitch
2025-07-05,398.00334744470064,1796,191.1428740795067,666.0,stitch
2025-07-06,417.0955369843064,1996,19.092189539605783,200.0,stitch
2025-07-07,391.3998909692798,1788,-25.695646015026625,-208.0,stitch
2025-07-08,281.22487939988287,1276,-110.17501156939693,-512.0,stitch
2025-07-09,89.0151178380919,704,-192.20976156179097,-572.0,stitch
2025-07-10,86.51175408402486,675,-2.5033637540670384,-29.0,stitch
2025-07-11,195.9627568368758,904,109.45100275285094,229.0,stitch
2025-07-12,123.81128509214683,906,-72.15147174472897,2.0,stitch
2025-07-13,353.9613464448187,1614,230.15006135267186,708.0,stitch
2025-07-14,461.25418360560997,1875,107.2928371607913,261.0,stitch
2025-07-15,439.5131315420149,1708,-21.741052063595077,-167.0,stitch
2025-07-16,430.4565808117879,1876,-9.056550730227002,168.0,stitch
2025-07-17,664.1224548629581,2430,233.6658740511702,554.0,stitch
2025-07-18,737.865781936191,2589,73.74332707323288,159.0,stitch
2025-07-19,713.6602705376375,2078,-24.205511398553426,-511.0,stitch
2025-07-20,760.5947399437755,2896,46.934469406137964,818.0,stitch
2025-07-21,184.25221703864457,1096,-576.3425229051309,-1800.0,stitch
2025-07-22,479.50378197929547,1775,295.2515649406509,679.0,stitch
2025-07-23,172.76097083982768,1170,-306.7428111394678,-605.0,stitch
2025-07-24,383.6070311013977,2074,210.84606026157002,904.0,stitch
2025-07-25,338.02243357761967,1697,-45.58459752377803,-377.0,stitch
2025-07-26,255.23249576768177,1216,-82.7899378099379,-481.0,stitch
2025-07-27,293.4927951003373,1515,38.26029933265551,299.0,stitch
2025-07-28,200.44539387795422,1046,-93.04740122238306,-469.0,stitch
2025-07-29,367.9084598072224,1446,167.4630659292682,400.0,stitch
2025-07-30,637.9127138292106,2759,270.0042540219882,1313.0,stitch
2025-07-31,430.6457506710372,1812,-207.26696315817338,-947.0,stitch
2025-08-01,297.84394277852533,1328,-132.80180789251187,-484.0,stitch
2025-08-02,310.63705389507913,1429,12.793111116553803,101.0,stitch
2025-08-03,197.46761049848618,1117,-113.16944339659295,-312.0,stitch
2025-08-04,522.1704523627656,2195,324.7028418642794,1078.0,stitch
2025-08-05,347.9061433681963,1600,-174.26430899456926,-595.0,stitch
2025-08-06,400.4959866274076,1639,52.58984325921131,39.0,stitch
2025-08-07,522.859295473491,1947,122.36330884608338,308.0,stitch
2025-08-08,169.1739260814863,854,-353.6853693920047,-1093.0,stitch
2025-08-22,326.64319649486515,1082,157.46927041337887,228.0,stitch
2025-08-23,170.58029565886974,745,-156.0629008359954,-337.0,stitch
2025-08-24,506.44635767663897,2202,335.8660620177692,1457.0,stitch
2025-08-25,102.01463234608312,740,-404.4317253305559,-1462.0,stitch
2025-08-26,293.04195643927574,1102,191.02732409319262,362.0,stitch
2025-08-27,425.3017796278762,1623,132.25982318860048,521.0,stitch
2025-08-28,174.27804390645994,1215,-251.02373572141627,-408.0,stitch
2025-08-29,705.9434523574392,2288,531.6654084509793,1073.0,stitch
2025-08-30,176.39349017645208,820,-529.5499621809872,-1468.0,stitch
2025-08-31,189.00914404594715,1345,12.615653869495077,525.0,stitch
2025-09-01,172.4494969206842,1142,-16.559647125262956,-203.0,stitch
2025-09-02,319.16366560257916,1618,146.71416868189496,476.0,stitch
2025-09-03,206.67529128883706,1054,-112.4883743137421,-564.0,stitch
2025-09-04,767.0457994096666,3040,560.3705081208295,1986.0,stitch
2025-09-05,500.46337915825626,2124,-266.5824202514104,-916.0,stitch
2025-09-06,185.25914021386635,1004,-315.2042389443899,-1120.0,stitch
2025-09-07,193.08239595902808,1171,7.823255745161731,167.0,stitch
2025-09-08,240.81508063341056,1228,47.73268467438248,57.0,stitch
2025-09-09,209.27324197882643,1002,-31.541838654584126,-226.0,stitch
2025-09-10,479.5711910922164,1980,270.29794911338996,978.0,stitch
2025-09-11,458.0055851626201,1809,-21.565605929596302,-171.0,stitch
2025-09-12,656.2179209263551,2474,198.21233576373498,665.0,stitch
2025-09-13,595.6714751474534,1995,-60.54644577890167,-479.0,stitch
2025-09-14,606.730421881416,2048,11.058946733962557,53.0,stitch
2025-09-15,312.18224560946254,1296,-294.5481762719534,-752.0,stitch
2025-09-16,224.82561287178646,1147,-87.35663273767608,-149.0,stitch
2025-09-17,203.48222650883963,1017,-21.34338636294683,-130.0,stitch
2025-09-18,189.50317436774952,922,-13.979052141090108,-95.0,stitch
2025-09-19,57.723884968411674,261,-131.77928939933784,-661.0,stitch
2024-07-21,14.081176116105544,205,,,noisette
2024-07-22,1.9373657522327108,49,-12.143810363872833,-156.0,noisette
2024-07-23,2.9611573540859277,39,1.023791601853217,-10.0,noisette
2024-07-24,9.96143485441761,146,7.0002775003316815,107.0,noisette
2024-08-05,14.577043108112672,335,4.615608253695063,189.0,noisette
2024-08-06,8.382303759071082,98,-6.1947393490415905,-237.0,noisette
2024-08-07,42.72183017522612,462,34.33952641615504,364.0,noisette
2024-08-08,10.964888768835717,99,-31.7569414063904,-363.0,noisette
2024-08-09,11.399748836159072,120,0.43486006732335447,21.0,noisette
2024-08-10,32.11274508968115,260,20.71299625352208,140.0,noisette
2024-08-11,28.979609379443044,255,-3.133135710238104,-5.0,noisette
2024-08-12,2.9918236559296174,34,-25.987785723513426,-221.0,noisette
2024-08-13,10.707590783758844,101,7.715767127829227,67.0,noisette
2024-08-14,22.238227608869252,222,11.530636825110408,121.0,noisette
2024-08-15,24.641868556497364,218,2.403640947628112,-4.0,noisette
2024-08-16,14.677384643357625,184,-9.96448391313974,-34.0,noisette
2024-08-18,11.885629226975473,104,-2.791755416382152,-80.0,noisette
2024-08-19,30.026611011542137,361,18.140981784566662,257.0,noisette
2024-08-20,21.034770987931118,226,-8.991840023611019,-135.0,noisette
2024-08-21,20.30654779979187,197,-0.7282231881392498,-29.0,noisette
2024-08-22,15.47031288828661,141,-4.836234911505258,-56.0,noisette
2024-08-23,14.962833039100197,149,-0.5074798491864136,8.0,noisette
2024-08-25,28.707212156815295,246,13.744379117715098,97.0,noisette
2024-08-26,36.96213566265913,266,8.254923505843834,20.0,noisette
2024-08-27,0.8388818602210368,13,-36.12325380243809,-253.0,noisette
2024-08-28,32.14855459489025,316,31.309672734669213,303.0,noisette
2024-08-29,10.3994890983984,92,-21.749065496491852,-224.0,noisette
2024-08-30,21.646415094424427,245,11.246925996026027,153.0,noisette
2024-08-31,2.4476475548174483,20,-19.19876753960698,-225.0,noisette
2024-09-01,10.922196920749546,112,8.474549365932097,92.0,noisette
2024-09-02,8.33132310249772,83,-2.5908738182518256,-29.0,noisette
2024-09-03,5.128121530834444,65,-3.203201571663276,-18.0,noisette
2024-09-04,25.623749625158567,191,20.495628094324122,126.0,noisette
2024-09-05,12.597549796832093,260,-13.026199828326474,69.0,noisette
2024-09-06,39.3207249731056,616,26.723175176273507,356.0,noisette
2024-09-07,19.900777889993098,255,-19.4199470831125,-361.0,noisette
2024-09-08,38.0843665061917,625,18.183588616198602,370.0,noisette
2024-09-09,32.21710979909356,458,-5.867256707098136,-167.0,noisette
2024-09-10,51.013790138520854,716,18.79668033942729,258.0,noisette
2024-09-11,38.19096474767904,678,-12.822825390841814,-38.0,noisette
2024-09-12,52.867055441497726,743,14.676090693818686,65.0,noisette
2024-09-13,31.950478331023643,430,-20.916577110474083,-313.0,noisette
2024-09-14,21.929626864303646,306,-10.020851466719996,-124.0,noisette
2024-09-15,54.03536486373711,785,32.10573799943346,479.0,noisette
2024-09-16,17.571399575566417,236,-36.46396528817069,-549.0,noisette
2024-09-17,11.777990156335502,286,-5.793409419230915,50.0,noisette
2024-09-18,16.546099855659328,448,4.768109699323826,162.0,noisette
2024-09-19,29.966629960738892,495,13.420530105079564,47.0,noisette
2024-09-20,15.138855735598067,239,-14.827774225140825,-256.0,noisette
2024-09-21,36.55380947810166,601,21.414953742503595,362.0,noisette
2024-09-22,13.497592210764868,245,-23.056217267336795,-356.0,noisette
2024-09-23,13.796110520924623,222,0.2985183101597553,-23.0,noisette
2024-09-24,20.361227694279318,367,6.565117173354695,145.0,noisette
2024-09-25,15.37469481025905,250,-4.986532884020267,-117.0,noisette
2024-09-26,28.873426133470165,424,13.498731323211114,174.0,noisette
2024-09-27,92.28112222588877,980,63.407696092418604,556.0,noisette
2024-09-29,55.8513530589223,920,-36.429769166966466,-60.0,noisette
2024-09-30,6.246711721044759,96,-49.60464133787754,-824.0,noisette
2024-10-01,56.992793348499056,980,50.746081627454295,884.0,noisette
2024-10-02,25.67609735641365,352,-31.316695992085407,-628.0,noisette
2024-10-03,12.80054476971322,228,-12.87555258670043,-124.0,noisette
2024-10-04,19.12807686053697,256,6.327532090823752,28.0,noisette
2024-10-05,23.82708137594052,318,4.699004515403548,62.0,noisette
2024-10-06,36.0382729023712,578,12.211191526430678,260.0,noisette
2024-10-07,20.57530511168279,231,-15.462967790688406,-347.0,noisette
2024-10-08,20.523781707245597,323,-0.05152340443719439,92.0,noisette
2024-10-09,19.9914341702746,181,-0.5323475369709953,-142.0,noisette
2024-10-10,24.11178199938757,423,4.120347829112969,242.0,noisette
2024-10-11,27.508228662566868,587,3.3964466631792973,164.0,noisette
2024-10-13,16.222083593990025,241,-11.286145068576843,-346.0,noisette
2024-10-15,1.0409772513403297,12,-15.181106342649695,-229.0,noisette
2024-10-16,23.49585718846191,388,22.45487993712158,376.0,noisette
2024-10-19,0.2058992780757776,1,-23.289957910386132,-387.0,noisette
2024-10-22,4.127037494425304,74,3.9211382163495263,73.0,noisette
2024-10-23,24.169448266964555,368,20.04241077253925,294.0,noisette
2024-10-24,7.735127382487369,127,-16.434320884477184,-241.0,noisette
2024-10-25,14.34847543596709,210,6.613348053479721,83.0,noisette
2024-10-26,20.340138514672446,320,5.991663078705356,110.0,noisette
2024-10-27,17.081676619273363,256,-3.2584618953990834,-64.0,noisette
2024-10-28,15.760713196674155,232,-1.320963422599208,-24.0,noisette
2024-10-29,17.6110073447482,241,1.8502941480740436,9.0,noisette
2024-10-30,32.11905550780905,490,14.508048163060852,249.0,noisette
2024-10-31,23.762517675646485,366,-8.356537832162566,-124.0,noisette
2024-11-01,21.67101930805431,304,-2.0914983675921768,-62.0,noisette
2024-11-02,26.340430893452762,429,4.6694115853984535,125.0,noisette
2024-11-03,16.611254366161674,192,-9.729176527291088,-237.0,noisette
2024-11-04,9.334685071631702,154,-7.276569294529972,-38.0,noisette
2024-11-05,19.613563857208334,282,10.278878785576632,128.0,noisette
2024-11-06,7.126169014108805,115,-12.48739484309953,-167.0,noisette
2024-11-07,6.153320348821946,99,-0.9728486652868584,-16.0,noisette
2024-11-08,9.953185766194398,155,3.7998654173724518,56.0,noisette
2024-11-09,21.235765345524865,284,11.282579579330466,129.0,noisette
2024-11-10,21.04143546343568,384,-0.19432988208918545,100.0,noisette
2024-11-11,12.65001771500851,200,-8.39141774842717,-184.0,noisette
2024-11-12,7.630008581293137,143,-5.020009133715372,-57.0,noisette
2024-11-13,14.197928295224369,308,6.567919713931231,165.0,noisette
2024-11-14,10.792575848013215,163,-3.405352447211154,-145.0,noisette
2024-11-15,4.925206039584855,70,-5.86736980842836,-93.0,noisette
2024-11-16,4.524115538854258,55,-0.4010905007305965,-15.0,noisette
2024-11-17,19.44751520543188,295,14.923399666577623,240.0,noisette
2024-11-18,15.97081708769064,261,-3.4766981177412397,-34.0,noisette
2024-11-19,16.649379512698513,280,0.6785624250078719,19.0,noisette
2024-11-20,27.160511800355913,402,10.5111322876574,122.0,noisette
2024-11-21,8.246723197921618,115,-18.913788602434295,-287.0,noisette
2024-11-22,27.386563154363035,393,19.139839956441417,278.0,noisette
2024-11-23,23.037495719609346,344,-4.349067434753689,-49.0,noisette
2024-11-24,19.643377042864614,283,-3.394118676744732,-61.0,noisette
2024-11-25,18.16072942037966,209,-1.4826476224849543,-74.0,noisette
2024-11-26,22.235782139361255,335,4.0750527189815955,126.0,noisette
2024-11-27,23.73735367745231,376,1.5015715380910564,41.0,noisette
2024-11-28,12.434728845546724,212,-11.302624831905588,-164.0,noisette
2024-11-29,17.877684826055646,280,5.442955980508922,68.0,noisette
2024-11-30,10.918085908544882,164,-6.959598917510764,-116.0,noisette
2024-12-01,25.062195942111433,429,14.144110033566552,265.0,noisette
2024-12-02,1.6803402424342677,33,-23.381855699677164,-396.0,noisette
2024-12-03,15.07660195024411,241,13.396261707809842,208.0,noisette
2024-12-04,24.378681098355386,321,9.302079148111277,80.0,noisette
2024-12-05,15.996440203126998,270,-8.382240895228389,-51.0,noisette
2024-12-06,37.45075845880591,540,21.45431825567891,270.0,noisette
2024-12-07,9.608533044351239,125,-27.842225414454667,-415.0,noisette
2024-12-08,47.79687292673539,627,38.18833988238415,502.0,noisette
2024-12-09,28.35300749393973,423,-19.443865432795658,-204.0,noisette
2024-12-10,24.073568703687318,306,-4.279438790252414,-117.0,noisette
2024-12-11,14.649305600762535,220,-9.424263102924783,-86.0,noisette
2024-12-12,21.92844985202882,372,7.279144251266285,152.0,noisette
2024-12-13,27.1709240141285,458,5.242474162099679,86.0,noisette
2024-12-14,22.267191611315578,365,-4.9037324028129206,-93.0,noisette
2024-12-15,34.846894457390675,624,12.579702846075097,259.0,noisette
2024-12-16,14.6627346606624,217,-20.184159796728274,-407.0,noisette
2024-12-17,22.92522997590549,296,8.262495315243092,79.0,noisette
2024-12-18,14.191816192852535,254,-8.733413783052956,-42.0,noisette
2024-12-19,14.859066656259145,263,0.6672504634066101,9.0,noisette
2024-12-20,28.63917326862707,524,13.780106612367923,261.0,noisette
2024-12-21,59.10045666160026,1059,30.461283392973193,535.0,noisette
2024-12-22,32.50201380431421,490,-26.598442857286052,-569.0,noisette
2024-12-23,25.991761295771585,486,-6.510252508542624,-4.0,noisette
2024-12-24,15.47947787368253,271,-10.512283422089055,-215.0,noisette
2024-12-25,60.668670238138816,1122,45.18919236445629,851.0,noisette
2024-12-26,6.412336189123596,110,-54.25633404901522,-1012.0,noisette
2024-12-27,15.00820414035066,255,8.595867951227063,145.0,noisette
2024-12-28,9.650312773055239,145,-5.357891367295421,-110.0,noisette
2024-12-29,26.415996217924018,518,16.765683444868777,373.0,noisette
2024-12-30,13.7589724539441,202,-12.657023763979918,-316.0,noisette
2024-12-31,7.862534356522314,108,-5.896438097421786,-94.0,noisette
2025-01-01,17.819846233532584,288,9.95731187701027,180.0,noisette
2025-01-02,18.55810220249872,328,0.7382559689661363,40.0,noisette
2025-01-03,14.21114980588694,233,-4.34695239661178,-95.0,noisette
2025-01-04,20.51062788220004,333,6.2994780763131,100.0,noisette
2025-01-05,36.27875805035922,520,15.768130168159182,187.0,noisette
2025-01-06,1.5788248170792336,22,-34.69993323327999,-498.0,noisette
2025-01-08,21.661773735872355,342,20.08294891879312,320.0,noisette
2025-01-09,14.06919209255311,211,-7.592581643319246,-131.0,noisette
2025-01-10,24.78439623043223,431,10.71520413787912,220.0,noisette
2025-01-11,16.552268955312275,213,-8.232127275119954,-218.0,noisette
2025-01-12,37.21418910572016,447,20.661920150407884,234.0,noisette
2025-01-14,10.137596827215637,176,-27.07659227850452,-271.0,noisette
2025-01-17,15.561774699313855,257,5.424177872098218,81.0,noisette
2025-01-18,14.015101465840383,225,-1.5466732334734719,-32.0,noisette
2025-01-19,30.296996837992772,421,16.28189537215239,196.0,noisette
2025-01-20,20.131511110395902,299,-10.16548572759687,-122.0,noisette
2025-01-21,13.452324355846475,188,-6.679186754549427,-111.0,noisette
2025-01-22,10.207377692458715,143,-3.2449466633877595,-45.0,noisette
2025-01-23,24.543128606456527,433,14.335750913997812,290.0,noisette
2025-01-24,16.156173874426276,252,-8.38695473203025,-181.0,noisette
2025-01-25,22.204945371360406,323,6.04877149693413,71.0,noisette
2025-01-26,22.569924966624665,366,0.36497959526425916,43.0,noisette
2025-01-27,1.4775415357919668,34,-21.092383430832697,-332.0,noisette
2025-02-03,12.875182841225845,259,11.39764130543388,225.0,noisette
2025-02-04,19.653710421391423,326,6.778527580165578,67.0,noisette
2025-02-05,15.723395763898989,239,-3.930314657492435,-87.0,noisette
2025-02-06,12.948908677599162,193,-2.7744870862998265,-46.0,noisette
2025-02-07,9.569326494680677,180,-3.379582182918485,-13.0,noisette
2025-02-08,11.451778641420525,194,1.8824521467398476,14.0,noisette
2025-02-15,2.585213053115124,82,-8.8665655883054,-112.0,noisette
2025-02-17,13.152958574263542,159,10.567745521148417,77.0,noisette
2025-02-18,24.798789220697323,277,11.645830646433781,118.0,noisette
2025-02-19,20.44003491127141,207,-4.358754309425912,-70.0,noisette
2025-02-20,22.78674939827295,405,2.346714487001538,198.0,noisette
2025-02-21,26.742369664850465,299,3.9556202665775153,-106.0,noisette
2025-02-22,31.50277752471301,558,4.760407859862546,259.0,noisette
2025-02-23,13.84590871427287,405,-17.65686881044014,-153.0,noisette
2025-02-24,12.493407985038148,242,-1.3525007292347215,-163.0,noisette
2025-02-25,11.169007250660135,195,-1.3244007343780133,-47.0,noisette
2025-02-26,14.00607088403999,269,2.837063633379856,74.0,noisette
2025-02-27,15.649325285781664,436,1.6432544017416735,167.0,noisette
2025-02-28,10.113265438339166,254,-5.536059847442498,-182.0,noisette
2025-03-01,36.696768176910574,577,26.583502738571408,323.0,noisette
2025-03-02,19.23144510458059,374,-17.465323072329983,-203.0,noisette
2025-03-03,14.547953613913858,357,-4.683491490666732,-17.0,noisette
2025-03-04,18.487529984873685,399,3.939576370959827,42.0,noisette
2025-03-05,21.707854496514315,509,3.22032451164063,110.0,noisette
2025-03-06,12.41953753072164,358,-9.288316965792676,-151.0,noisette
2025-03-07,20.888556730040605,488,8.469019199318966,130.0,noisette
2025-03-08,21.55565094086361,435,0.6670942108230058,-53.0,noisette
2025-03-09,39.08575769337783,615,17.530106752514218,180.0,noisette
2025-03-10,21.445735192815462,408,-17.640022500562367,-207.0,noisette
2025-03-11,24.4708867334258,610,3.025151540610338,202.0,noisette
2025-03-12,31.01969917316442,641,6.548812439738619,31.0,noisette
2025-03-13,24.469655623800694,517,-6.550043549363725,-124.0,noisette
2025-03-14,27.02585951754785,473,2.5562038937471563,-44.0,noisette
2025-03-15,30.288313985902114,538,3.262454468354264,65.0,noisette
2025-03-16,18.082800255777986,433,-12.205513730124128,-105.0,noisette
2025-03-17,26.95693687369773,610,8.874136617919746,177.0,noisette
2025-03-18,22.765482943061166,378,-4.191453930636566,-232.0,noisette
2025-03-19,21.87487474523194,373,-0.8906081978292271,-5.0,noisette
2025-03-20,22.888253629870196,416,1.0133788846382572,43.0,noisette
2025-03-21,26.680386578940983,463,3.792132949070787,47.0,noisette
2025-03-22,35.75220697968139,702,9.071820400740407,239.0,noisette
2025-03-23,29.097010500140936,528,-6.655196479540454,-174.0,noisette
2025-03-24,30.22197417026201,569,1.1249636701210726,41.0,noisette
2025-03-25,17.68463260040789,410,-12.537341569854117,-159.0,noisette
2025-03-26,71.94034793470553,1040,54.25571533429763,630.0,noisette
2025-03-27,37.3852361086332,674,-34.55511182607233,-366.0,noisette
2025-03-28,33.65482965164661,661,-3.730406456986593,-13.0,noisette
2025-03-29,20.889319987391012,636,-12.765509664255596,-25.0,noisette
2025-03-30,26.867659014956306,483,5.978339027565294,-153.0,noisette
2025-03-31,48.202783260118956,763,21.33512424516265,280.0,noisette
2025-04-01,35.27103150204969,722,-12.931751758069268,-41.0,noisette
2025-04-02,43.512458008675274,972,8.241426506625587,250.0,noisette
2025-04-03,23.33825280049296,544,-20.174205208182315,-428.0,noisette
2025-04-04,62.18197477299727,762,38.84372197250431,218.0,noisette
2025-04-05,52.63917941506395,737,-9.542795357933322,-25.0,noisette
2025-04-06,49.4015634369648,702,-3.23761597809915,-35.0,noisette
2025-04-07,38.2470891801964,444,-11.154474256768403,-258.0,noisette
2025-04-08,51.02954182291983,930,12.782452642723435,486.0,noisette
2025-04-09,43.82806555424341,835,-7.201476268676423,-95.0,noisette
2025-04-10,22.892686086082477,474,-20.93537946816093,-361.0,noisette
2025-04-13,37.910233220058885,565,15.017547133976407,91.0,noisette
2025-04-14,24.44611359679495,549,-13.464119623263933,-16.0,noisette
2025-04-15,49.54690519956257,942,25.10079160276762,393.0,noisette
2025-04-16,58.48544347187206,1210,8.938538272309486,268.0,noisette
2025-04-17,11.909908956733876,311,-46.57553451513819,-899.0,noisette
2025-04-18,36.1797056248908,677,24.269796668156925,366.0,noisette
2025-04-19,42.599687762785344,802,6.419982137894543,125.0,noisette
2025-04-20,29.86047401122375,582,-12.739213751561593,-220.0,noisette
2025-04-21,35.144590134776344,660,5.284116123552593,78.0,noisette
2025-04-22,23.660154911160607,408,-11.484435223615737,-252.0,noisette
2025-04-23,12.550566500796737,216,-11.10958841036387,-192.0,noisette
2025-04-24,35.349950476535625,729,22.799383975738888,513.0,noisette
2025-04-25,41.966401262131754,779,6.616450785596129,50.0,noisette
2025-04-26,41.41190755616616,690,-0.5544937059655908,-89.0,noisette
2025-04-27,56.29966960991182,924,14.887762053745654,234.0,noisette
2025-04-28,64.19246176110232,860,7.8927921511905055,-64.0,noisette
2025-04-29,48.76109136826695,754,-15.431370392835369,-106.0,noisette
2025-04-30,58.39318293417073,819,9.632091565903778,65.0,noisette
2025-05-01,49.336429399165496,562,-9.056753535005235,-257.0,noisette
2025-05-02,47.18924746340621,656,-2.147181935759285,94.0,noisette
2025-05-03,40.04705710716771,752,-7.142190356238501,96.0,noisette
2025-05-04,53.022991904526265,968,12.975934797358555,216.0,noisette
2025-05-05,41.940890242794005,1326,-11.08210166173226,358.0,noisette
2025-05-06,30.072030907122947,740,-11.868859335671058,-586.0,noisette
2025-05-07,40.71778279938895,869,10.645751892266002,129.0,noisette
2025-05-08,43.96682531931132,1048,3.2490425199223694,179.0,noisette
2025-05-09,39.073338353258826,964,-4.8934869660524924,-84.0,noisette
2025-05-10,38.459179864950634,863,-0.6141584883081919,-101.0,noisette
2025-05-11,47.48810196376437,1060,9.028922098813737,197.0,noisette
2025-05-12,43.83579892752642,733,-3.652303036237953,-327.0,noisette
2025-05-13,41.83955751161116,739,-1.9962414159152573,6.0,noisette
2025-05-14,35.458990614245,609,-6.380566897366158,-130.0,noisette
2025-05-15,24.29885569481552,346,-11.160134919429485,-263.0,noisette
2025-05-16,37.50923424876511,775,13.210378553949592,429.0,noisette
2025-05-17,39.30190348746954,694,1.792669238704427,-81.0,noisette
2025-05-18,41.4333989533506,581,2.131495465881059,-113.0,noisette
2025-05-19,29.705037094775598,457,-11.728361858575,-124.0,noisette
2025-05-20,38.529473217388635,1099,8.824436122613037,642.0,noisette
2025-05-21,41.347616227574854,814,2.818143010186219,-285.0,noisette
2025-05-22,37.39110484332643,769,-3.9565113842484223,-45.0,noisette
2025-05-23,54.726508956060194,983,17.335404112733762,214.0,noisette
2025-05-24,36.33992834467998,798,-18.38658061138021,-185.0,noisette
2025-05-25,40.16739103719876,649,3.827462692518779,-149.0,noisette
2025-05-26,31.697259989093027,537,-8.470131048105735,-112.0,noisette
2025-05-27,62.97104918586685,886,31.273789196773826,349.0,noisette
2025-05-28,39.440624304782006,705,-23.530424881084848,-181.0,noisette
2025-05-29,43.715164731378394,771,4.274540426596388,66.0,noisette
2025-05-30,75.83051836238401,1058,32.11535363100562,287.0,noisette
2025-05-31,33.99693229945437,529,-41.83358606292964,-529.0,noisette
2025-06-01,36.65918834691946,531,2.6622560474650854,2.0,noisette
2025-06-02,38.248811540888035,671,1.5896231939685777,140.0,noisette
2025-06-03,29.64283879826978,593,-8.605972742618256,-78.0,noisette
2025-06-04,14.326832506674505,323,-15.316006291595274,-270.0,noisette
2025-06-05,50.961359391877195,1085,36.63452688520269,762.0,noisette
2025-06-06,37.224894181465416,761,-13.73646521041178,-324.0,noisette
2025-06-07,58.83007775214722,1134,21.605183570681803,373.0,noisette
2025-06-08,76.46537370650138,1373,17.635295954354163,239.0,noisette
2025-06-09,47.135034868363334,873,-29.330338838138047,-500.0,noisette
2025-06-10,42.88392638654346,657,-4.251108481819877,-216.0,noisette
2025-06-11,79.1406010003977,996,36.25667461385424,339.0,noisette
2025-06-12,44.42704100774295,477,-34.713559992654744,-519.0,noisette
2025-06-13,82.91101470276162,963,38.48397369501867,486.0,noisette
2025-06-14,36.771055226226714,573,-46.139959476534905,-390.0,noisette
2025-06-15,27.00607654361709,491,-9.764978682609623,-82.0,noisette
2025-06-16,21.47193264336068,534,-5.53414390025641,43.0,noisette
2025-06-17,36.01400035836328,720,14.542067715002602,186.0,noisette
2025-06-18,51.96896166427711,974,15.954961305913827,254.0,noisette
2025-06-19,48.85274502612314,749,-3.116216638153972,-225.0,noisette
2025-06-20,55.77928929218273,808,6.926544266059594,59.0,noisette
2025-06-21,40.50104577141275,517,-15.278243520769983,-291.0,noisette
2025-06-22,30.365554271612364,403,-10.135491499800384,-114.0,noisette
2025-06-23,57.40683500435763,740,27.041280732745268,337.0,noisette
2025-06-24,58.68503695793586,704,1.2782019535782254,-36.0,noisette
2025-06-25,54.98091708193027,733,-3.704119876005585,29.0,noisette
2025-06-26,34.015009635871806,419,-20.965907446058466,-314.0,noisette
2025-06-27,34.88481361165915,356,0.8698039757873417,-63.0,noisette
2025-06-28,34.481510480523646,351,-0.40330313113550176,-5.0,noisette
2025-06-29,21.14900373506824,283,-13.332506745455404,-68.0,noisette
2025-07-04,41.673041638842754,421,20.524037903774513,138.0,noisette
2025-07-05,73.56778689836355,764,31.894745259520796,343.0,noisette
2025-07-06,61.022980928400095,798,-12.544805969963456,34.0,noisette
2025-07-07,48.46728273452046,707,-12.555698193879635,-91.0,noisette
2025-07-08,46.677769834535525,471,-1.7895128999849348,-236.0,noisette
2025-07-09,29.69816775570135,257,-16.979602078834176,-214.0,noisette
2025-07-10,20.931714869454186,226,-8.766452886247162,-31.0,noisette
2025-07-11,34.93891852126909,318,14.007203651814901,92.0,noisette
2025-07-12,28.6781175004664,240,-6.260801020802688,-78.0,noisette
2025-07-13,62.02612509556571,613,33.34800759509931,373.0,noisette
2025-07-14,57.75004076396575,703,-4.276084331599961,90.0,noisette
2025-07-15,44.92309625434731,622,-12.826944509618443,-81.0,noisette
2025-07-16,73.5745048677875,846,28.65140861344019,224.0,noisette
2025-07-17,92.54855395217628,1054,18.97404908438878,208.0,noisette
2025-07-18,82.53799850647717,1199,-10.010555445699111,145.0,noisette
2025-07-19,47.63402536683032,988,-34.903973139646844,-211.0,noisette
2025-07-20,79.91608482821934,1282,32.28205946138902,294.0,noisette
2025-07-21,39.67243212293691,408,-40.24365270528243,-874.0,noisette
2025-07-22,55.32942654814658,786,15.656994425209668,378.0,noisette
2025-07-23,36.41826327281889,453,-18.911163275327688,-333.0,noisette
2025-07-24,51.570619539209176,741,15.152356266390285,288.0,noisette
2025-07-25,54.63331303822697,668,3.062693499017797,-73.0,noisette
2025-07-26,41.39945521499892,584,-13.23385782322805,-84.0,noisette
2025-07-27,50.1235405113419,699,8.724085296342977,115.0,noisette
2025-07-28,34.13188459571677,454,-15.991655915625131,-245.0,noisette
2025-07-29,49.846699429745215,786,15.714814834028445,332.0,noisette
2025-07-30,73.91966698357427,1139,24.07296755382906,353.0,noisette
2025-07-31,51.00540047461876,773,-22.914266508955514,-366.0,noisette
2025-08-01,45.058137584592906,589,-5.947262890025854,-184.0,noisette
2025-08-02,46.35977876929488,608,1.301641184701971,19.0,noisette
2025-08-03,31.883043997008308,423,-14.47673477228657,-185.0,noisette
2025-08-04,74.80904608836485,930,42.926002091356544,507.0,noisette
2025-08-05,40.355305528606024,564,-34.45374055975883,-366.0,noisette
2025-08-06,47.317322418813006,700,6.962016890206982,136.0,noisette
2025-08-07,75.91535553728545,906,28.598033118472443,206.0,noisette
2025-08-08,31.64884862938931,334,-44.266506907896144,-572.0,noisette
2025-08-22,28.53534021088607,434,-3.1135084185032404,100.0,noisette
2025-08-23,38.593066365922695,333,10.057726155036626,-101.0,noisette
2025-08-24,88.09610430021111,905,49.503037934288415,572.0,noisette
2025-08-25,22.097693586052394,308,-65.99841071415872,-597.0,noisette
2025-08-26,44.173156762204506,532,22.075463176152113,224.0,noisette
2025-08-27,52.248266396961725,694,8.075109634757219,162.0,noisette
2025-08-28,29.21520175664429,328,-23.033064640317434,-366.0,noisette
2025-08-29,64.95021462356449,1055,35.7350128669202,727.0,noisette
2025-08-30,23.15210790816552,334,-41.79810671539897,-721.0,noisette
2025-08-31,25.85387465384785,344,2.701766745682331,10.0,noisette
2025-09-01,27.425056780663756,338,1.5711821268159056,-6.0,noisette
2025-09-02,51.040184604859846,606,23.61512782419609,268.0,noisette
2025-09-03,37.51862281689956,372,-13.521561787960287,-234.0,noisette
2025-09-04,101.01314579052547,1347,63.49452297362591,975.0,noisette
2025-09-05,64.99991944796368,878,-36.013226342561794,-469.0,noisette
2025-09-06,38.444658099947034,395,-26.555261348016643,-483.0,noisette
2025-09-07,62.51164615896728,511,24.066988059020247,116.0,noisette
2025-09-08,46.15683070385019,525,-16.35481545511709,14.0,noisette
2025-09-09,34.15503746480365,368,-12.001793239046542,-157.0,noisette
2025-09-10,61.54639290855565,742,27.391355443752005,374.0,noisette
2025-09-11,53.4255502289204,679,-8.120842679635253,-63.0,noisette
2025-09-12,83.9276170410409,1128,30.502066812120503,449.0,noisette
2025-09-13,81.39283084943956,966,-2.5347861916013414,-162.0,noisette
2025-09-14,66.10749586441968,864,-15.285334985019887,-102.0,noisette
2025-09-15,42.245679028491345,544,-23.86181683592833,-320.0,noisette
2025-09-16,25.884725813511224,502,-16.36095321498012,-42.0,noisette
2025-09-17,29.566684103145544,460,3.68195828963432,-42.0,noisette
2025-09-18,37.13637279088901,472,7.569688687743469,12.0,noisette
2025-09-19,17.430083883431507,138,-19.706288907457505,-334.0,noisette
2025-02-17,13.125281333561768,149,,,sundae
2025-02-18,14.26947320401881,137,1.1441918704570426,-12.0,sundae
2025-02-19,6.926418148669197,72,-7.3430550553496134,-65.0,sundae
2025-02-20,43.2069744929797,461,36.2805563443105,389.0,sundae
2025-02-21,40.5765934830558,346,-2.6303810099238945,-115.0,sundae
2025-02-22,58.51182326313458,636,17.935229780078778,290.0,sundae
2025-02-23,36.86347582159098,446,-21.6483474415436,-190.0,sundae
2025-02-24,39.718403096927936,364,2.854927275336955,-82.0,sundae
2025-02-25,47.30166068231754,430,7.583257585389603,66.0,sundae
2025-02-26,34.226432842270476,307,-13.075227840047063,-123.0,sundae
2025-02-27,64.1485182128665,714,29.92208537059603,407.0,sundae
2025-02-28,49.166210024628064,413,-14.982308188238441,-301.0,sundae
2025-03-01,81.50150906464629,708,32.33529904001822,295.0,sundae
2025-03-02,73.45511393511167,647,-8.046395129534616,-61.0,sundae
2025-03-03,53.293287448033524,498,-20.161826487078145,-149.0,sundae
2025-03-04,59.74305429473391,584,6.449766846700385,86.0,sundae
2025-03-05,85.3688226147789,731,25.625768320044997,147.0,sundae
2025-03-06,55.49037005055965,406,-29.87845256421926,-325.0,sundae
2025-03-07,65.38092346238969,592,9.89055341183004,186.0,sundae
2025-03-08,62.69024673566866,633,-2.69067672672103,41.0,sundae
2025-03-09,82.65563027455288,790,19.96538353888422,157.0,sundae
2025-03-10,59.15280626574812,567,-23.502824008804758,-223.0,sundae
2025-03-11,73.70752932360689,683,14.554723057858773,116.0,sundae
2025-03-12,84.75288540975603,764,11.045356086149141,81.0,sundae
2025-03-13,71.08564787451029,666,-13.667237535245746,-98.0,sundae
2025-03-14,60.380133007079316,561,-10.70551486743097,-105.0,sundae
2025-03-15,68.70502660846378,598,8.324893601384467,37.0,sundae
2025-03-16,62.11567895255305,589,-6.589347655910736,-9.0,sundae
2025-03-17,88.16589086187503,808,26.05021190932198,219.0,sundae
2025-03-18,69.8503360169052,587,-18.315554844969824,-221.0,sundae
2025-03-19,61.8876333058114,524,-7.9627027110938045,-63.0,sundae
2025-03-20,53.93818147085586,446,-7.949451834955539,-78.0,sundae
2025-03-21,67.43485416518807,620,13.496672694332212,174.0,sundae
2025-03-22,101.52124423925216,812,34.086390074064084,192.0,sundae
2025-03-23,83.06494258371622,730,-18.45630165553594,-82.0,sundae
2025-03-24,96.32232167629988,820,13.257379092583662,90.0,sundae
2025-03-25,71.89352014417095,563,-24.42880153212893,-257.0,sundae
2025-03-26,158.43653011182394,1306,86.54300996765299,743.0,sundae
2025-03-27,90.72075379645976,777,-67.71577631536418,-529.0,sundae
2025-03-28,84.87511663598906,765,-5.845637160470702,-12.0,sundae
2025-03-29,77.34426399605812,667,-7.5308526399309415,-98.0,sundae
2025-03-30,121.45323727235076,889,44.108973276292645,222.0,sundae
2025-03-31,105.1647587021072,930,-16.288478570243555,41.0,sundae
2025-04-01,99.35260351039847,916,-5.81215519170874,-14.0,sundae
2025-04-02,147.25080865504162,1186,47.89820514464316,270.0,sundae
2025-04-03,79.9727459192996,734,-67.27806273574203,-452.0,sundae
2025-04-04,113.08722656517271,850,33.114480645873115,116.0,sundae
2025-04-05,133.3255030647102,1160,20.23827649953749,310.0,sundae
2025-04-06,142.61527232834584,1116,9.289769263635634,-44.0,sundae
2025-04-07,76.26335310662891,658,-66.35191922171693,-458.0,sundae
2025-04-08,145.15573087710206,1317,68.89237777047315,659.0,sundae
2025-04-09,135.6558005806053,1088,-9.499930296496757,-229.0,sundae
2025-04-10,97.7156079910881,937,-37.940192589517196,-151.0,sundae
2025-04-13,130.38994874863582,914,32.67434075754771,-23.0,sundae
2025-04-14,97.45992869109985,670,-32.93002005753597,-244.0,sundae
2025-04-15,142.9122998811081,1130,45.452371190008265,460.0,sundae
2025-04-16,197.95216499895807,1572,55.039865117849956,442.0,sundae
2025-04-17,57.672430454222365,468,-140.2797345447357,-1104.0,sundae
2025-04-18,108.04233427208968,927,50.36990381786731,459.0,sundae
2025-04-19,113.88000562685508,1110,5.837671354765405,183.0,sundae
2025-04-20,79.35363973756424,759,-34.526365889290844,-351.0,sundae
2025-04-21,102.04003477424148,980,22.68639503667724,221.0,sundae
2025-04-22,67.98959832927186,620,-34.05043644496962,-360.0,sundae
2025-04-23,45.95784177989563,393,-22.031756549376226,-227.0,sundae
2025-04-24,127.86815325388737,1035,81.91031147399174,642.0,sundae
2025-04-25,105.46593774148214,941,-22.402215512405235,-94.0,sundae
2025-04-26,89.77199379466319,852,-15.693943946818948,-89.0,sundae
2025-04-27,142.02331639649873,1194,52.25132260183554,342.0,sundae
2025-04-28,119.22076601648138,1204,-22.80255038001735,10.0,sundae
2025-04-29,123.1930460606853,1076,3.972280044203927,-128.0,sundae
2025-04-30,126.65990456767418,1208,3.4668585069888707,132.0,sundae
2025-05-01,105.94703854063486,1020,-20.71286602703931,-188.0,sundae
2025-05-02,92.34760962264913,947,-13.599428917985733,-73.0,sundae
2025-05-03,122.32226932145967,1188,29.97465969881054,241.0,sundae
2025-05-04,118.2619628920493,1184,-4.060306429410375,-4.0,sundae
2025-05-05,141.9732586332824,1383,23.7112957412331,199.0,sundae
2025-05-06,93.71173535631407,910,-48.26152327696833,-473.0,sundae
2025-05-07,103.19464796688722,889,9.482912610573152,-21.0,sundae
2025-05-08,104.27648327660533,1029,1.081835309718116,140.0,sundae
2025-05-09,128.19297212399144,1166,23.916488847386105,137.0,sundae
2025-05-10,99.9442817901484,970,-28.248690333843044,-196.0,sundae
2025-05-11,149.95906374773736,1438,50.014781957588966,468.0,sundae
2025-05-12,85.44355845271122,892,-64.51550529502614,-546.0,sundae
2025-05-13,94.72748703126821,873,9.283928578556996,-19.0,sundae
2025-05-14,126.44663263312722,1043,31.71914560185901,170.0,sundae
2025-05-15,62.71032605190322,573,-63.736306581224,-470.0,sundae
2025-05-16,137.27861976338372,1256,74.5682937114805,683.0,sundae
2025-05-17,142.44074431097235,1359,5.162124547588633,103.0,sundae
2025-05-18,120.79618185051714,970,-21.644562460455205,-389.0,sundae
2025-05-19,67.83260157521082,746,-52.96358027530633,-224.0,sundae
2025-05-20,160.84958246133488,1437,93.01698088612406,691.0,sundae
2025-05-21,155.25219552042557,1404,-5.597386940909303,-33.0,sundae
2025-05-22,101.6088041581023,1007,-53.64339136232327,-397.0,sundae
2025-05-23,139.96031644946729,1313,38.35151229136498,306.0,sundae
2025-05-24,113.18025991121809,1166,-26.780056538249198,-147.0,sundae
2025-05-25,94.32532260162337,884,-18.854937309594717,-282.0,sundae
2025-05-26,74.97759836425907,701,-19.347724237364304,-183.0,sundae
2025-05-27,131.26386513545216,1269,56.2862667711931,568.0,sundae
2025-05-28,101.89285891581875,905,-29.371006219633415,-364.0,sundae
2025-05-29,77.90109259272971,917,-23.99176632308904,12.0,sundae
2025-05-30,110.60267863583658,1287,32.70158604310687,370.0,sundae
2025-05-31,110.82337633803417,1015,0.2206977021975831,-272.0,sundae
2025-06-01,75.39426498973474,808,-35.42911134829943,-207.0,sundae
2025-06-02,79.67760737767587,829,4.283342387941133,21.0,sundae
2025-06-03,65.35270162834016,699,-14.324905749335713,-130.0,sundae
2025-06-04,49.50471536834017,464,-15.847986259999985,-235.0,sundae
2025-06-05,138.71730009267498,1391,89.2125847243348,927.0,sundae
2025-06-06,91.20133553145861,969,-47.515964561216364,-422.0,sundae
2025-06-07,149.31535328422214,1595,58.11401775276353,626.0,sundae
2025-06-08,178.07642620257826,1866,28.76107291835612,271.0,sundae
2025-06-09,108.19814809347744,1056,-69.87827810910082,-810.0,sundae
2025-06-10,61.343889360884326,763,-46.85425873259312,-293.0,sundae
2025-06-11,128.4595156002401,1245,67.11562623935578,482.0,sundae
2025-06-12,65.10052910624084,543,-63.35898649399927,-702.0,sundae
2025-06-13,143.84346482589908,1118,78.74293571965823,575.0,sundae
2025-06-14,124.57530028033466,984,-19.268164545564417,-134.0,sundae
2025-06-15,56.8312789016773,659,-67.74402137865735,-325.0,sundae
2025-06-16,82.77347751552055,807,25.942198613843253,148.0,sundae
2025-06-17,93.74984093027405,1006,10.976363414753493,199.0,sundae
2025-06-18,126.00091133338996,1395,32.25107040311592,389.0,sundae
2025-06-19,87.80921180912581,1068,-38.19169952426415,-327.0,sundae
2025-06-20,110.04406430285243,1141,22.23485249372662,73.0,sundae
2025-06-21,83.44790780848909,818,-26.596156494363342,-323.0,sundae
2025-06-22,82.36679925926333,797,-1.0811085492257604,-21.0,sundae
2025-06-23,106.08463547028613,966,23.7178362110228,169.0,sundae
2025-06-24,109.1209338247449,1016,3.036298354458765,50.0,sundae
2025-06-25,116.87355929782629,1007,7.752625473081395,-9.0,sundae
2025-06-26,76.58002581160932,587,-40.29353348621697,-420.0,sundae
2025-06-27,59.12897183654506,453,-17.451053975064255,-134.0,sundae
2025-06-28,105.54392815713301,814,46.41495632058795,361.0,sundae
2025-06-29,47.65468603595211,429,-57.8892421211809,-385.0,sundae
2025-07-04,86.88211307784422,709,39.22742704189211,280.0,sundae
2025-07-05,132.196744569294,1032,45.314631491449774,323.0,sundae
2025-07-06,132.74811153081913,1198,0.5513669615251331,166.0,sundae
2025-07-07,129.13199603043603,1081,-3.6161155003831027,-117.0,sundae
2025-07-08,113.66847305580963,805,-15.4635229746264,-276.0,sundae
2025-07-09,50.65617618751757,447,-63.012296868292054,-358.0,sundae
2025-07-10,48.72460213643914,449,-1.9315740510784352,2.0,sundae
2025-07-11,65.5423167681567,586,16.817714631717557,137.0,sundae
2025-07-12,72.6303294269915,666,7.088012658834799,80.0,sundae
2025-07-13,130.4920505938602,1001,57.861721166868705,335.0,sundae
2025-07-14,207.34082991364406,1172,76.84877931978386,171.0,sundae
2025-07-15,130.2251588306665,1086,-77.11567108297757,-86.0,sundae
2025-07-16,140.4394738616093,1029,10.2143150309428,-57.0,sundae
2025-07-17,214.85103613172484,1375,74.41156227011555,346.0,sundae
2025-07-18,150.7794048924875,1390,-64.07163123923735,15.0,sundae
2025-07-19,109.07945279319793,1089,-41.69995209928956,-301.0,sundae
2025-07-20,175.0895258620969,1614,66.01007306889898,525.0,sundae
2025-07-21,82.34080256685186,688,-92.74872329524504,-926.0,sundae
2025-07-22,112.4176012200121,989,30.07679865316024,301.0,sundae
2025-07-23,78.19520038261659,717,-34.22240083739551,-272.0,sundae
2025-07-24,154.53933257391273,1333,76.34413219129614,616.0,sundae
2025-07-25,125.7183376458983,1029,-28.82099492801443,-304.0,sundae
2025-07-26,72.06959492210811,632,-53.64874272379019,-397.0,sundae
2025-07-27,85.80200685355427,815,13.732411931446165,183.0,sundae
2025-07-28,62.5059011041362,592,-23.296105749418075,-223.0,sundae
2025-07-29,76.73214065449336,658,14.226239550357164,66.0,sundae
2025-07-30,190.43481454699509,1620,113.70267389250172,962.0,sundae
2025-07-31,114.87932831672482,1039,-75.55548623027026,-581.0,sundae
2025-08-01,83.5302142236766,739,-31.34911409304823,-300.0,sundae
2025-08-02,80.18769407634112,821,-3.3425201473354775,82.0,sundae
2025-08-03,79.47387354251585,694,-0.7138205338252703,-127.0,sundae
2025-08-04,136.40859783516393,1265,56.934724292648085,571.0,sundae
2025-08-05,110.65612114488472,1036,-25.75247669027921,-229.0,sundae
2025-08-06,99.89700979154858,939,-10.759111353336138,-97.0,sundae
2025-08-07,109.59043181375948,1041,9.693422022210896,102.0,sundae
2025-08-08,61.494868257726836,520,-48.095563556032644,-521.0,sundae
2025-08-22,85.03814920184237,648,23.543280944115537,128.0,sundae
2025-08-23,58.022018982461375,411,-27.016130219380997,-237.0,sundae
2025-08-24,161.56103322085158,1297,103.53901423839021,886.0,sundae
2025-08-25,51.23826515827914,432,-110.32276806257244,-865.0,sundae
2025-08-26,70.10827293366566,570,18.87000777538652,138.0,sundae
2025-08-27,101.91507129807974,929,31.806798364414078,359.0,sundae
2025-08-28,103.78729542219497,887,1.8722241241152346,-42.0,sundae
2025-08-29,145.34139809777673,1233,41.55410267558176,346.0,sundae
2025-08-30,49.0582469363106,486,-96.28315116146612,-747.0,sundae
2025-08-31,109.13226906383441,1001,60.07402212752381,515.0,sundae
2025-09-01,99.9632326387562,804,-9.169036425078218,-197.0,sundae
2025-09-02,107.29314151719856,1011,7.329908878442367,207.0,sundae
2025-09-03,86.66556829040093,682,-20.627573226797637,-329.0,sundae
2025-09-04,199.99639462026477,1693,113.33082632986384,1011.0,sundae
2025-09-05,137.49370334459343,1246,-62.50269127567134,-447.0,sundae
2025-09-06,65.53821379295684,609,-71.95548955163659,-637.0,sundae
2025-09-07,74.8877904686555,660,9.349576675698657,51.0,sundae
2025-09-08,79.19663127267464,703,4.308840804019141,43.0,sundae
2025-09-09,82.74407202776891,634,3.5474407550942715,-69.0,sundae
2025-09-10,147.63765389845315,1238,64.89358187068424,604.0,sundae
2025-09-11,119.75175446035784,1130,-27.885899438095308,-108.0,sundae
2025-09-12,145.8820287008148,1346,26.130274240456956,216.0,sundae
2025-09-13,110.35544161615728,1029,-35.52658708465752,-317.0,sundae
2025-09-14,136.0099066309629,1184,25.65446501480561,155.0,sundae
2025-09-15,89.67507547431596,752,-46.33483115664693,-432.0,sundae
2025-09-16,63.30583841778885,645,-26.369237056527112,-107.0,sundae
2025-09-17,51.754680289762184,557,-11.551158128026664,-88.0,sundae
2025-09-18,40.7007632475154,450,-11.053917042246788,-107.0,sundae
2025-09-19,14.396433346829188,123,-26.30432990068621,-327.0,sundae
